{"rmse_lstm": 6.792689703644083, "mae_lstm": 5.451862156855595}